{"note":"config-independent dock-pair mates: medoid of invWa*Wb over reference configs. angSpread>~5deg => non-constant/symmetric pair (single mate cannot place it exactly).","count":50,"mates":{"kugel2bodenelement->fuss2kugel":{"m":[1,1.2246467991473532e-16,-1.2246467991473532e-16,0,-1.2246467991473532e-16,1,1.232595164407831e-32,0.000022000000003519204,1.2246467991473532e-16,0,1,0,0,0,0,1],"n":15,"angSpread":0,"posSpread":0},"kugel2rohr->rohr2kugel":{"m":[1,-2.4492935982947064e-16,0,0,2.4492935982947064e-16,1,0,-3.108624468950438e-14,0,0,1,0,0,0,0,1],"n":454,"angSpread":180,"posSpread":0},"rohr2kugel->kugel2rohr":{"m":[1,2.4492935982947064e-16,0,0,-2.4492935982947064e-16,1,0,3.108624468950438e-14,0,0,1,0,0,0,0,1],"n":454,"angSpread":180,"posSpread":0},"rohr2blech->blech2rohr":{"m":[1,0,0,0,0,1,0,1.8474111129762605e-13,0,0,1,0,0,0,0,1],"n":300,"angSpread":180,"posSpread":0},"fuss2kugel->kugel2bodenelement":{"m":[1,0,0,0,0,1,0,-0.00002200000000329716,0,0,1,0,0,0,0,1],"n":15,"angSpread":0,"posSpread":0},"blech2rohr->rohr2blech":{"m":[1,1.224646799147353e-16,1.8369701987210297e-16,0,-1.224646799147353e-16,1,6.123233995736766e-17,-4.121147867408581e-13,-1.8369701987210297e-16,-6.123233995736769e-17,1,0,0,0,0,1],"n":300,"angSpread":180,"posSpread":0},"blech2klemmhalter->klemmhalter2blech":{"m":[1,0,-2.2958450216584675e-49,0,0,1,0,-1.7763568394002505e-15,-2.2958450216584675e-49,0,1,0,0,0,0,1],"n":84,"angSpread":0,"posSpread":0},"klemmhalter2blech->blech2klemmhalter":{"m":[1,0,-2.2958450216584675e-49,0,0,1,0,1.7763568394002505e-15,-2.2958450216584675e-49,0,1,0,0,0,0,1],"n":84,"angSpread":0,"posSpread":0},"klemmhalter2anything->anything2klemmhalter":{"m":[1,0,0,-5.000000982136044e-7,0,1,0,0,0,0,1,1.0658141036401503e-14,0,0,0,1],"n":112,"angSpread":0,"posSpread":0},"schlossgriff2tuer->tuer2schlossgriff":{"m":[1,0,0,9.023892744153272e-13,0,6.123233995736766e-17,-1,-3.979039320256561e-13,0,1,6.123233995736766e-17,0,0,0,0,1],"n":14,"angSpread":0,"posSpread":0},"scherengelenk2tuer->tuer2scherengelenk":{"m":[1,2.4492935982947064e-16,0,1.4210854715202004e-14,-2.4492935982947064e-16,1,0,0,0,0,1,0,0,0,0,1],"n":28,"angSpread":0,"posSpread":0},"anything2klemmhalter->klemmhalter2anything":{"m":[1,0,0,5.000000982136044e-7,0,1,0,0,0,0,1,-1.0658141036401503e-14,0,0,0,1],"n":112,"angSpread":0,"posSpread":0},"comp2volcontconnector->volcontconnector2comp":{"m":[1,0,0,35.924992110726095,0,1,0,14.849915241148011,0,0,1,13.2500004999999,0,0,0,1],"n":14,"angSpread":180,"posSpread":0},"tuer2scherengelenk->scherengelenk2tuer":{"m":[1,-2.4492935982947064e-16,0,-1.4210854715202004e-14,2.4492935982947064e-16,1,0,0,0,0,1,0,0,0,0,1],"n":28,"angSpread":0,"posSpread":0},"tuer2schlossgriff->schlossgriff2tuer":{"m":[1,0,0,-9.023892744153272e-13,0,6.123233995736766e-17,1,0,0,-1,6.123233995736766e-17,-3.979039320256561e-13,0,0,0,1],"n":14,"angSpread":0,"posSpread":0},"blech2schutzring->schutzring2blech":{"m":[1,0,0,0,0,1,0,0,0,0,1,0,0,0,0,1],"n":36,"angSpread":0,"posSpread":0},"blech2topf->topf2blech":{"m":[1,0,0,0,0,1,0,0,0,0,1,0,0,0,0,1],"n":36,"angSpread":0,"posSpread":0},"schutzring2blech->blech2schutzring":{"m":[1,0,0,0,0,1,0,0,0,0,1,0,0,0,0,1],"n":36,"angSpread":0,"posSpread":0},"topf2blech->blech2topf":{"m":[1,0,0,0,0,1,0,0,0,0,1,0,0,0,0,1],"n":36,"angSpread":0,"posSpread":0},"topf2pflanze->pflanze2topf":{"m":[1,0,0,0,0,1,0,0,0,0,1,0,0,0,0,1],"n":36,"angSpread":0,"posSpread":0},"pflanze2topf->topf2pflanze":{"m":[1,0,0,0,0,1,0,0,0,0,1,0,0,0,0,1],"n":36,"angSpread":0,"posSpread":0},"volcontconnector2comp->comp2volcontconnector":{"m":[1,0,0,-35.924992110725,0,1,0,-14.849915241147016,0,0,1,-13.2500004999999,0,0,0,1],"n":14,"angSpread":180,"posSpread":77.746},"kugel_2_safety->safety_2_kugel":{"m":[1,0,0,0,0,1,0,0,0,0,1,0,0,0,0,1],"n":1,"angSpread":0,"posSpread":0},"kugel_2_trafo->trafo_2_kugel":{"m":[-1,-7.498798913309288e-33,-1.2246467991473532e-16,9.999999999999993,1.2246467991473532e-16,-6.123233995736766e-17,-1,2.899999999999997,0,-1,6.123233995736766e-17,4.000000000000021,0,0,0,1],"n":1,"angSpread":0,"posSpread":0},"rohr2glashalter->glashalter2rohr":{"m":[1,0,1.2246467991473532e-16,0,2.465190328815662e-32,1,-1.2246467991473532e-16,0,-1.2246467991473532e-16,1.2246467991473532e-16,1,0,0,0,0,1],"n":144,"angSpread":0,"posSpread":0},"glas2glashalter->glashalter2glas":{"m":[1,0,0,7.105427357601002e-15,0,1,0,0,0,0,1,0,0,0,0,1],"n":72,"angSpread":0,"posSpread":0},"glashalter2rohr->rohr2glashalter":{"m":[1,2.4492935982947064e-16,1.224646799147353e-16,0,-2.4492935982947064e-16,1,7.498798913309288e-33,0,-1.224646799147353e-16,-3.7493994566546435e-32,1,0,0,0,0,1],"n":144,"angSpread":0,"posSpread":0},"glashalter2glas->glas2glashalter":{"m":[1,0,0,-7.105427357601002e-15,0,1,0,0,0,0,1,0,0,0,0,1],"n":72,"angSpread":0,"posSpread":0},"winkel2tablar->tablar2winkel":{"m":[1,0,0,0,0,1,0,2.1316282072803006e-14,0,0,1,0,0,0,0,1],"n":8,"angSpread":0,"posSpread":0},"teleskop3502tablar->tablar2teleskop":{"m":[1,0,0,1.4210854715202004e-14,0,1,0,-5.329070518200751e-15,0,0,1,0,0,0,0,1],"n":8,"angSpread":0,"posSpread":0},"tablar2tuer->tuer2tablar":{"m":[1,0,0,0,0,1,0,-2.1316282072803006e-14,0,0,1,-0.24999999999996003,0,0,0,1],"n":4,"angSpread":0,"posSpread":0},"tablar2teleskop->teleskop3502tablar":{"m":[1,0,0,-1.4210854715202004e-14,0,1,0,5.329070518200751e-15,0,0,1,0,0,0,0,1],"n":8,"angSpread":0,"posSpread":0},"tablar2winkel->winkel2tablar":{"m":[1,0,0,0,0,1,0,-2.1316282072803006e-14,0,0,1,0,0,0,0,1],"n":8,"angSpread":0,"posSpread":0},"tablar2tablarseitenwinkel_r->tablarseitenwinkel_r2tablar":{"m":[1,0,0,7.105427357601002e-15,0,1,0,-2.6645352591003757e-15,0,0,1,0,0,0,0,1],"n":4,"angSpread":0,"posSpread":0},"tablar2tablarseitenwinkel_l->tablarseitenwinkel_l2tablar":{"m":[1,0,0,-1.4210854715202004e-14,0,1,0,4.218847493575595e-15,0,0,1,0,0,0,0,1],"n":4,"angSpread":0,"posSpread":0},"tuer2tablar->tablar2tuer":{"m":[1,0,0,0,0,1,0,2.1316282072803006e-14,0,0,1,0.24999999999996003,0,0,0,1],"n":4,"angSpread":0,"posSpread":0},"tablarseitenwinkel_l2tablar->tablar2tablarseitenwinkel_l":{"m":[1,0,0,1.4210854715202004e-14,0,1,0,-4.218847493575595e-15,0,0,1,0,0,0,0,1],"n":4,"angSpread":0,"posSpread":0},"tablarseitenwinkel_r2tablar->tablar2tablarseitenwinkel_r":{"m":[1,0,0,-7.105427357601002e-15,0,1,0,2.6645352591003757e-15,0,0,1,0,0,0,0,1],"n":4,"angSpread":0,"posSpread":0},"safety_2_kugel->kugel_2_safety":{"m":[1,0,0,0,0,1,0,0,0,0,1,0,0,0,0,1],"n":1,"angSpread":0,"posSpread":0},"trafo_2_kugel->kugel_2_trafo":{"m":[-1,1.2246467991473532e-16,0,9.999999999999993,-7.498798913309288e-33,-6.123233995736766e-17,-1,4.000000000000021,-1.2246467991473532e-16,-1,6.123233995736766e-17,2.8999999999999977,0,0,0,1],"n":1,"angSpread":0,"posSpread":0},"l_scharnier_vorne2scharnier_hinten->l_scharnier_hinten2scharnier_vorne":{"m":[-1.8369701987210297e-16,1,0,7.105427357601002e-15,-1,-1.8369701987210297e-16,0,0,0,0,1,0,0,0,0,1],"n":8,"angSpread":0,"posSpread":0},"scharnier_vorne_oben2glas->glas2scharnier_vorne_oben":{"m":[1,0,1.4997597826618576e-32,0,1.836676017326774e-48,1,-2.4492935982947064e-16,0,-1.4997597826618576e-32,2.4492935982947064e-16,1,0,0,0,0,1],"n":8,"angSpread":0,"posSpread":0},"scharnier_vorne_unten2glas->glas2scharnier_vorne_unten":{"m":[1,0,1.4997597826618576e-32,0,1.836676017326774e-48,1,-2.4492935982947064e-16,0,-1.4997597826618576e-32,2.4492935982947064e-16,1,0,0,0,0,1],"n":8,"angSpread":0,"posSpread":0},"glas2scharnier_vorne_unten->scharnier_vorne_unten2glas":{"m":[1,1.836676017326774e-48,-1.4997597826618576e-32,0,0,1,2.4492935982947064e-16,0,1.4997597826618576e-32,-2.4492935982947064e-16,1,0,0,0,0,1],"n":8,"angSpread":0,"posSpread":0},"glas2scharnier_vorne_oben->scharnier_vorne_oben2glas":{"m":[1,1.836676017326774e-48,-1.4997597826618576e-32,0,0,1,2.4492935982947064e-16,0,1.4997597826618576e-32,-2.4492935982947064e-16,1,0,0,0,0,1],"n":8,"angSpread":0,"posSpread":0},"glas2chromgriff->chromgriff2glas":{"m":[1,0,0,-1.9539925233402755e-14,0,1,0,0,0,0,1,0,0,0,0,1],"n":8,"angSpread":0,"posSpread":0},